question,answer
How do I interact with the chatbot as a person?,"When you are detected in the video feed, press 'i' to start typing your question. Once you hit Enter, the chatbot will process and respond to your query."
Hello,Hello! I am your personal chatbot. How may I help you today?
Hi,Hi! How may I help you today?
How are you?,"I'm doing great, thank you! I'm here to assist you with any questions you have."
What is your name?,"I am your personal chatbot, always ready to chat and help you out."
Can you ask me a question?,Sure! What is your favorite hobby or interest?
Goodbye,Goodbye! Feel free to come back anytime you have more questions.
Tell me a joke,Why don't scientists trust atoms? Because they make up everything!
What defines a person?,"A person is a human being characterized by self-awareness, emotions, and the ability to interact socially."
What is a bicycle used for?,"A bicycle is a human-powered, two-wheeled vehicle commonly used for transportation, exercise, and recreation."
What is a car?,A car is a motorized vehicle designed for transporting people and small amounts of cargo over roads.
How is a motorbike different from a car?,"A motorbike is a two-wheeled motor vehicle known for its agility and fuel efficiency, often used for quick urban travel."
What is an aeroplane used for?,"An aeroplane is an aircraft designed for air travel, enabling fast and long-distance transportation of people and goods."
What role does a bus play in transportation?,"A bus is a large vehicle used to transport many passengers along designated routes, serving as a cornerstone of public transit."
What is the primary function of a train?,"A train consists of connected vehicles running on tracks, primarily used for transporting people or freight over long distances."
What is a truck commonly used for?,A truck is a heavy motor vehicle designed for carrying large loads of goods or materials over various distances.
What is a boat?,"A boat is a watercraft used for traveling or working on water, ranging from small recreational vessels to larger transport crafts."
What is the purpose of a traffic light?,A traffic light regulates vehicle and pedestrian flow at intersections by using colored signals to indicate when to stop or go.
What is a fire hydrant?,A fire hydrant is a vital safety fixture that provides firefighters with quick access to a water supply during emergencies.
How does a stop sign improve road safety?,"A stop sign requires drivers to come to a complete halt at intersections, helping prevent collisions and ensure traffic safety."
What is the function of a parking meter?,"A parking meter is used to manage and collect fees for parking in designated areas, ensuring orderly use of parking spaces."
What is a bench used for?,"A bench is a long seat designed for multiple people to sit, commonly found in public spaces like parks and bus stops."
What distinguishes a bird from other animals?,"A bird is a creature with feathers, a beak, and often the ability to fly, though some birds are flightless."
What are common traits of a cat?,"A cat is a small, agile mammal known for its independence, playful nature, and keen hunting instincts."
What makes a dog a popular pet?,"A dog is known for its loyalty, companionship, and trainability, making it one of the most popular household pets."
What is a horse primarily known for?,"A horse is a strong, large mammal traditionally used for riding, work, and sport, admired for its speed and endurance."
What are sheep commonly raised for?,"Sheep are primarily raised for their wool, meat, and milk, making them important in agricultural communities."
What products are typically obtained from cows?,"Cows are raised for milk, beef, and leather, playing a central role in agriculture and food production."
What are the distinctive features of an elephant?,"Elephants are notable for their large size, long trunk, and tusks, and are highly intelligent animals."
What type of animal is a bear?,"A bear is a large, powerful mammal that lives in various habitats and has an omnivorous diet."
What distinguishes a zebra from a horse?,"A zebra is recognized by its striking black-and-white striped coat, which serves as camouflage and a social identifier."
What is unique about a giraffe's appearance?,"A giraffe is known for its extremely long neck and legs, adaptations that allow it to browse foliage high in trees."
What is a backpack used for?,"A backpack is a portable bag carried on the back, ideal for carrying personal belongings during travel or daily activities."
How does an umbrella protect you?,"An umbrella shields you from rain or sunlight, offering portable protection against the elements."
What is the primary purpose of a handbag?,"A handbag is used to carry personal items, combining functionality with style in everyday fashion."
What is a tie typically worn for?,"A tie is a piece of formal neckwear that complements business or formal attire, adding a touch of elegance."
What is a suitcase used for?,A suitcase is a durable travel bag used for packing clothing and essentials when on the move.
What is a frisbee commonly used for?,"A frisbee is a flat, circular disc used in outdoor games and recreational activities for throwing and catching."
What are skis used for?,"Skis are long, narrow boards used to glide over snow, essential for skiing sports and winter recreation."
How does a snowboard differ from skis?,"A snowboard is a single wide board used for descending snowy slopes, offering a distinct style of snow sports."
What types of games use a sports ball?,"Sports balls are used in various games like soccer, basketball, and baseball to facilitate play and competition."
What is a kite typically used for?,"A kite is flown in the wind as a recreational activity, enjoyed by both children and adults during breezy days."
What is the purpose of a baseball bat?,"A baseball bat is used to hit a baseball during the sport, playing a key role in offensive play."
How is a baseball glove used in the game?,"A baseball glove is worn by players to catch and field balls, enhancing performance and safety during play."
What is a skateboard designed for?,"A skateboard is a flat board mounted on wheels, used for performing tricks and as a mode of urban transport."
What is the main use of a surfboard?,"A surfboard is used for riding ocean waves, serving both recreational and competitive surfing needs."
What is a tennis racket used for?,A tennis racket is employed in the sport of tennis to strike the ball during matches.
What is a bottle typically used for?,"A bottle is a container with a narrow neck, designed for storing liquids like water, beverages, or chemicals."
What distinguishes a wine glass from other types of glasses?,"A wine glass features a stem and a bowl, designed to enhance the aroma and taste of wine."
What is a cup generally used for?,"A cup is a small container used for drinking liquids, commonly made from materials like ceramic, glass, or plastic."
How is a fork used during a meal?,A fork is an eating utensil with prongs that helps hold food in place while eating or cutting.
What is the primary function of a knife?,"A knife is a cutting tool with a sharp blade, used for slicing food or other materials."
What is a spoon typically used for?,"A spoon is a utensil with a shallow bowl, ideal for eating, stirring, and serving food."
What is a bowl used for?,"A bowl is a round container used to hold food or liquids, often for serving meals or ingredients."
What is a banana?,"A banana is a long, curved fruit with a peel and soft interior, widely enjoyed as a snack or in recipes."
What are apples known for?,"Apples are a popular fruit celebrated for their crisp texture, sweet-to-tart flavor, and health benefits."
What constitutes a sandwich?,"A sandwich is made of two or more slices of bread filled with ingredients like meat, cheese, or vegetables."
What is an orange primarily used for?,An orange is a citrus fruit prized for its juicy segments and high vitamin C content.
What is broccoli?,"Broccoli is a green vegetable from the cabbage family, rich in vitamins, fiber, and antioxidants."
What are carrots typically used for?,"Carrots are root vegetables enjoyed raw, cooked, or juiced, valued for their beta-carotene and nutrients."
What is a hot dog?,"A hot dog is a cooked sausage served in a bun with various condiments, popular as a casual snack or meal."
What makes pizza a popular dish?,"Pizza is a baked flatbread topped with sauce, cheese, and various ingredients, known for its versatility and flavor."
What is a donut?,"A donut is a fried dough confection, often ring-shaped and glazed or filled with sweet ingredients."
What is a cake typically used for?,"A cake is a sweet baked dessert served at celebrations and special occasions, often decorated for visual appeal."
What is the primary function of a chair?,A chair is a piece of furniture designed to provide a comfortable place to sit.
How does a sofa differ from a chair?,"A sofa is a larger seating unit meant for multiple people, offering enhanced comfort and space for relaxation."
What is a potted plant?,"A potted plant is a plant grown in a container, often used to decorate indoor or outdoor spaces."
What is a bed primarily used for?,"A bed is a piece of furniture designed for sleeping or resting, offering comfort and support."
What is the purpose of a dining table?,"A dining table provides a surface for meals and gatherings, serving as a focal point for shared dining experiences."
What is a toilet used for?,"A toilet is a sanitation fixture designed for the disposal of human waste, playing a critical role in hygiene."
What is a TV monitor?,"A TV monitor is a display screen used to view television broadcasts or media content, offering visual entertainment."
What is a laptop?,"A laptop is a portable computer that integrates a screen, keyboard, and battery, ideal for mobile computing."
What is a computer mouse?,A computer mouse is an input device used to navigate and interact with a computer's graphical interface.
What is the purpose of a remote control?,A remote control is a wireless device that allows users to operate electronic devices such as TVs and media players.
What is a keyboard?,A keyboard is an input device consisting of keys that enable users to type text and issue commands to a computer.
What is a cell phone?,"A cell phone is a portable communication device that supports voice calls, messaging, and internet connectivity."
How does a microwave work?,A microwave is an appliance that uses electromagnetic waves to rapidly heat and cook food.
What is an oven used for?,"An oven is a kitchen appliance designed for baking, roasting, and heating food evenly."
What is a toaster designed for?,"A toaster is a small appliance that browns slices of bread by applying heat, creating a crisp texture."
What is the function of a sink?,"A sink is a basin used for washing hands, dishes, or food, commonly found in kitchens and bathrooms."
What is a refrigerator used for?,"A refrigerator is an appliance that keeps food and beverages cold, extending their freshness and shelf life."
What is a book?,"A book is a collection of written or printed pages bound together, used for reading, learning, or storytelling."
What is the purpose of a clock?,"A clock is a device that displays the time, helping people manage schedules and keep track of daily activities."
What is a vase used for?,"A vase is a decorative container typically used to hold cut flowers, enhancing the aesthetic of a space."
How are scissors used?,"Scissors are a cutting tool with two pivoting blades, commonly used to cut paper, fabric, and other materials."
What is a teddy bear?,"A teddy bear is a soft, stuffed toy often given to children as a comforting and friendly companion."
What is a hair drier used for?,A hair drier is an electrical device that blows warm air to quickly dry and style hair.
What is a toothbrush?,"A toothbrush is a small brush with bristles, essential for cleaning teeth and maintaining good oral hygiene."
